choiceId,eventId,label,check,successText,failText,successEffects,failEffects,gotoStep,endStory
bully_help,bully_fight,挺身而出,str>=5,你挡住了对方，同学感激地看着你。,你冲上去却被推倒，鼻子青了一块。,str+1;luck+1,str-1,,
bully_ignore,bully_fight,装作没看见,,校园继续吵闹，你低头走开了。,,int+0,,,
sports_run,sports_day,全力冲刺,str>=6,你在最后一棒反超，观众席爆发出欢呼。,你拼尽全力仍慢半步，但没有遗憾。,str+1;luck+1;buff:athletic,str+1,,
sports_watch,sports_day,当拉拉队,,你在场边喊到嗓子哑，也算参与其中。,,luck+1,,,
gk_mock_fight,gk_mock_exam,咬牙加练,int>=6,你把弱项一点点补起来，心里踏实了些。,越学越慌，但至少没有放弃。,int+1,luck+1,,
gk_mock_accept,gk_mock_exam,先稳住心态,,你告诉自己：模考不是终点。,,luck+1,,,
gk_result_college,gk_result,冲刺理想院校,int>=7,分数够了，录取通知书仿佛近在眼前。,差了一点，你开始考虑调剂与下一批选择。,int+1;tag:gaokao_good;tag:gaokao_done,tag:gaokao_done,,1
gk_result_work,gk_result,先就业再图发展,,你决定先工作，把人生换成另一条赛道。,,tag:gaokao_done;str+1,,,1
startup_join,startup_idea,一起干,luck>=7,项目居然做起来了，你迎来高光时刻。,项目失败，你赔进时间与积蓄。,family+2;luck+1;tag:startup_ok,family-2;tag:startup_fail,,
startup_refuse,startup_idea,稳妥拒绝,,朋友后来联系渐少，你守住了安稳。,,family+0,,,
gamble_play,gamble_night,坐下试试,luck>=7,今晚你赢了不少，心里却有点发虚。,牌运很差，钱像水一样流走。,family+1;luck+1,family-2;luck-1,,
gamble_leave,gamble_night,婉拒离开,,你提早回家，夜风很干净。,,luck+1,,,
midlife_change,midlife_crisis,换一条路试试,int>=6,你开始副业与学习，生活重新有了锋芒。,尝试并不顺利，但你至少动起来了。,int+1;luck+1;buff:reinvent,str+1,,
midlife_accept,midlife_crisis,接纳当下,,你泡了杯茶，决定把眼前的日子过好。,,luck+1;family+1,,,
invest_yes,invest_chance,投入一笔,luck>=6;family>=6,投资回报不错，家里宽裕了些。,项目踩雷，你损失了一笔钱。,family+2,family-2,,
invest_no,invest_chance,按兵不动,,你把钱放在更稳妥的地方。,,family+0,,,
supermarket_shout,supermarket_lost,原地大喊,,你一喊家人就从货架后探出头来。,,luck+1,,,
supermarket_walk,supermarket_lost,自己找出口,luck>=4,你摸到门口保安把你送了回去。,你越走越远最后是广播在叫你的名字。,int+1,luck-1,,
crush_yes,crush_letter,答应见面,luck>=5,你们在操场边说了几句真心话。,对方后来再没提过那封信。,luck+1;buff:lovestruck;favor:crush+12,luck+0;favor:crush+4,,
crush_no,crush_letter,装作不知,,你把信夹进书里再也没提。,,int+1;favor:crush+2,,,
job_hard,summer_job,拼命干活,str>=5,你咬牙干完拿到第一笔自己的钱。,你累得够呛钱却没想象中多。,str+1;family+1,str+1,,
job_easy,summer_job,适可而止,,你只做了轻松的几天把夏天还给自己。,,luck+1,,,
ot_yes,boss_overtime,扛下来,int>=6,你熬过去了方案过关。,你熬了通宵方案仍被打回。,int+1;str-1,str-1,,
ot_no,boss_overtime,拒绝加班,,你按时走了空气降到冰点。,,luck+0,,,
dog_home,stray_follow,带回家,family>=5,你把它带回家家里多了喘气声。,家里人不同意你只能在门口陪它一会儿。,luck+1;family+1;tag:pet;buff:companion,luck+1,,
dog_feed,stray_follow,买点东西喂它,,你买了火腿肠看着它跑远。,,luck+1,,,
layoff_talk,layoff_notice,主动谈条件,int>=6,你谈下了补偿金把手续办得很清楚。,你争了几句仍按原方案走。,family+1;tag:laid_off;-tag:employed;buff:unemployed,tag:laid_off;-tag:employed;buff:unemployed,,
layoff_silent,layoff_notice,默默办理,,你默默办了离职把工牌放在桌上。,,str+1;tag:laid_off;-tag:employed;buff:unemployed,,,
care_self,parent_sick,请长假回去,,你请了长假回去守着病床。,,family+1;str-1;tag:caregiver;buff:caregiver,,,
care_hire,parent_sick,请人照料,family>=6,你请了护工自己继续上班心里却一直悬着。,你请不起只好自己轮流扛。,family-1,str-1;tag:caregiver,,
friend_go,old_friend_call,赴约见面,,你们从中午聊到路灯亮起来。,,luck+1;int+1;favor:old_friend+10,,,
friend_skip,old_friend_call,找借口推辞,,你找了个借口挂了电话那天有点空。,,luck+0,,,
gp_wake,grandparent_pass,守到天亮,,你守到天亮记住了那个人最后的样子。,,luck+1;buff:grief;buff:remembered,,,
gp_sleep,grandparent_pass,被带去睡觉,,你被带去睡觉第二天世界已经变了。,,buff:grief;buff:lonely,,,
pa_rush,parent_pass,连夜赶回去,family>=4,你连夜赶回去把后事一件件办完。,你赶回去了但那些天几乎站不稳。,buff:grief;buff:upright,buff:grief;buff:numb,,
pa_numb,parent_pass,呆坐很久,,那些天你几乎不说话只把电话握热。,,buff:grief;buff:numb,,,
sp_hold,spouse_pass,把日子过下去,luck>=5,你把遗像摆正然后去把米下进锅里。,你把日子过下去了但夜里总要醒来。,buff:grief;buff:resilient;-buff:bonded,buff:grief;buff:widowed;-buff:bonded,,
sp_box,spouse_pass,把遗物收进箱子,,你把衣物叠好箱子盖上发出很小的一声。,,buff:grief;buff:widowed;-buff:bonded,,,
ch_keep,child_pass,把房间保持原样,,门关着里面的东西谁也没动。,,buff:grief;buff:hollow,,,
ch_pack,child_pass,一点点收拾出去,int>=6,你一点点收拾出去手一直在抖。,你没能收拾完又把东西放了回去。,buff:grief;buff:hollow;buff:resilient,buff:grief;buff:hollow,,
temple_pray,temple_visit,认真祈一祈,luck>=5,你觉得有什么被接住了。,香灰落下来你仍把话悄悄说完。,buff:blessed,buff:calm,,
temple_walk,temple_visit,在院子里坐坐,,院子很静你把呼吸放慢了。,,buff:calm,,,
apologize_send,apology_letter,寄出去,int>=5,回信来得很短但你轻了一点。,信石沉大海你还是把话说出口了。,buff:cleared,luck+1,,
apologize_burn,apology_letter,烧掉,,纸灰飞起来有些话到底没寄出。,,buff:regret,,,
iw_sword,iw_class,握住剑,str>=4,木剑在你手里居然不那么别扭。加伦点了下头。,你握得很丑但没人赶你走。,str+1,luck+1,iw_sword_train,
iw_mage,iw_class,拿起杖,int>=4,火花听话地跳了一下。莉瑟说勉强能看。,杖比你想的沉你差点掉地上。,int+1,luck+1,iw_mage_train,
iw_healer,iw_class,拿起圣印,luck>=4,光很淡但伤口不那么烫了。米娜在柜台后鼓掌。,圣印没亮你还是被编进治疗班。,luck+1,int+1,iw_healer_train,
iw_wolf_fight,iw_board,进林子解决,str>=5,你把狼群赶回去手上多了一道浅疤。,你被扑倒骑士及时把你拽出来。,str+1,str-1,iw_wolf_win,
iw_wolf_talk,iw_board,用食物劝退,int>=5,头狼闻了闻剩饭带着族群走了。,它们不吃你只好慢慢退回镇上。,luck+1;int+1,luck+0,iw_wolf_peace,
iw_tell_truth,iw_camp,说实话,,你说自己来自没有魔法的世界。有动画有便利店。莉瑟沉默了一会儿然后点头。,,luck+1,,,
iw_keep_secret,iw_camp,含糊过去,,你说记不清了。加伦嗯了一声。莉瑟把话头扯到明天的路。,,int+1,,,
iw_pull_ally,iw_trap,拉住同伴,str>=6,你抓住披风把人拽上来自己膝盖磕破了。,你没抓住但骑士自己翻了上来。,str+1;luck+1,luck+0,iw_loot,
iw_jump_self,iw_trap,先跳到稳处,int>=5,你踩到凸起的砖石回身把绳子扔下去。,你跳得太急脚踝拧了一下。,int+1,str-1,iw_loot,
iw_accept_hero,iw_audience,接过预言,luck>=5,你接过仪式剑称号比剑更沉。,你接了但殿里有人轻轻叹了口气。,buff:isekai_hero;tag:iw_hero,tag:iw_hero,iw_hero_path,
iw_refuse_hero,iw_audience,拒绝当勇者,,你说自己只是迷路的人。门外的风更干净。,,luck+1;tag:iw_wander,,iw_wander,
iw_duel,iw_rival,应战,str>=6,你赢了半招。全场静了一秒然后爆出声。赛德把水囊扔过来。,你输了。赛德还是把水囊扔给你：再来。,str+1;luck+1;buff:athletic;favor:saed+6,str+1;favor:saed+4,iw_drink,
iw_ignore_rival,iw_rival,不当回事,,你笑着走开。赛德在背后喊编号七。声音不像在骂。,,luck+1,,iw_drink,
iw_front,iw_ambush,冲到最前,str>=6,你把最小的那只举起来。它把木牌掉了：其实是要签名。,你冲太猛摔进黏液。噗噗把你舔出来。,luck+1;str+1,luck+1,iw_injury,
iw_protect,iw_ambush,护住莉瑟,int>=5,你挡在她前面。史莱姆把木牌举到你鼻尖：签名。,你挡得像墙壁。她从旁边探出头看热闹。,luck+1;int+1;favor:lise+5,luck+1;favor:lise+3,iw_injury,
iw_fight_demon,iw_demon,比试一招,str>=6,茶杯飞了。凯拍手：过瘾。请坐。,剑比你想的沉。凯还是给你倒了茶。,str+1;luck+1;tag:kai;favor:kai+8,luck+1;tag:kai;favor:kai+6,iw_battle,
iw_talk_demon,iw_demon,坐下喝茶,int>=6,茶是味噌味的。凯说：我从编号四那儿学的。,你的话很笨。凯让你把茶喝完。,int+1;luck+1;tag:kai;favor:kai+8,luck+1;tag:kai;favor:kai+6,iw_peace,
iw_want_home,iw_demon,我想回家,,凯指了指左边：门在那。记得常来喝茶。莉瑟在后面挥手。,,luck+1;buff:isekai_homesick;tag:kai;favor:kai+8,,iw_return,
iw_stay_king,iw_throne,留下,luck>=5,你把名字留下。有人开始叫你殿下。莉瑟说别飘。,你留下了。加伦把茶杯擦得很亮。,luck+1,luck+1,iw_stay_world,
iw_home_win,iw_throne,回家,,你把仪式剑靠在台阶上说声谢谢。凯把石片又按进你掌心。,,luck+1,,iw_return,
iw_stay_friend,iw_gate,留下当朋友,,他说那你就别当勇者了。明天带你去集市。噗噗已经滚进门里。,,luck+1,,iw_stay_world,
iw_home_peace,iw_gate,走进那道门,,门像水。你听见塑料袋。小指上还绕着头发。,,luck+1,,iw_return,
iw_appraise,iw_skill,展开鉴定,int>=4,世界被标上名字：毒草、可食、谎言。你忽然懂了很多。,光幕闪了一下你只看到HP。,int+1;buff:appraisal,luck+1,,
iw_skip_ui,iw_skill,先往有烟的地方走,,你把光幕挥掉。路还是路。肚子先叫了。,,luck+1,,,
iw_guild_true,iw_guild,如实登记,,米娜写下：第七人。她的笔顿了一下：欢迎来到能活下去的一侧。,,luck+1;buff:guild_card;tag:guild;tag:mina;favor:mina+8,,,
iw_guild_hide,iw_guild,隐瞒外来者,int>=5,你编了个边境牧羊人的身份。米娜看穿了但只盖了章。,她还是写下了第七人。眼镜闪了一下。,int+1;buff:guild_card;tag:guild;tag:mina;favor:mina+8,buff:guild_card;tag:guild;tag:mina;favor:mina+5,,
iw_slime_yes,iw_slime,收下当伙伴,,噗噗吧唧一声进了道具箱又探出头。好感变成2。,,luck+1;buff:slime_pal;tag:puku;favor:puku+15,,iw_town,
iw_slime_no,iw_slime,放回水沟,,它跟了你三条街。加伦说：它选了你。你只好认了。,,luck+1;buff:slime_pal;tag:puku;favor:puku+8,,iw_town,
iw_mimic_cut,iw_mimic,先砍,str>=5,牙断了。里面是普通的锈钉。莉瑟说：下次先鉴定。,你砍偏了加伦一剑结束。,str+1,luck+0,iw_trap,
iw_mimic_see,iw_mimic,先鉴定,int>=5,鉴定写着：拟态·饥饿。你们绕开走。噗噗朝它吐泡。,光幕来慢了你被咬了一口。,int+1;buff:appraisal,str-1,iw_trap,
iw_elf_follow,iw_elf,跟向导走,,树屋的床是活的枝条编的。族长给你一枚叶子：迷路时会亮。,,luck+1;buff:elf_night,,iw_elf_night,
iw_elf_skip,iw_elf,抄近路,,莉瑟没说话。林子在背后关上。你们省了一天也少了一夜灯。,,str+1,,iw_road,
iw_dance_yes,iw_dance,伸手去跳,luck>=5,鼓声里她的手很凉。烟火在两轮月亮之间开了又谢。,你踩了她两次。她还是没把手抽走。,luck+1;buff:lovestruck;buff:festival_night;favor:lise+10,luck+1;favor:lise+6,iw_rival,
iw_dance_no,iw_dance,去看烟火,,你站在桥上看灯笼漂走。莉瑟后来把一杯甜酒放在你手边。,,luck+1;buff:festival_night;favor:lise+3,,iw_rival,
iw_betray_speak,iw_betray,当场说清楚,,你说自己不是道具。女王罚大臣去抄预言一百遍。殿里有人偷偷鼓掌。,,luck+1;int+1,,iw_letter,
iw_betray_note,iw_betray,笑着溜走,,你拉着莉瑟从侧门溜出去。加伦在后面把门带上。,,luck+1,,iw_letter,
iw_dragon_heal,iw_dragon,帮它挠痒,luck>=5,鳞在你手下合拢。幼龙把额头抵过来，打了个更响的哈欠。,你挠错位置。它喷出一小朵无害的烟。,luck+1;buff:dragon_favor,luck+1,iw_rain,
iw_dragon_leave,iw_dragon,让它继续睡,,它翻了个身。尾巴扫到加伦。加伦说：……挺好。,,luck+1,,iw_rain,
iw_bind_wound,iw_injury,把黏液擦掉,,你用布把加伦的威严擦回来。他说下次换你滑。,,luck+1,,iw_dream,
iw_cast_heal,iw_injury,用圣印烘干,,光把黏液烘干成亮晶晶的壳。噗噗以为是零食。,,luck+1;buff:isekai_heal,,iw_dream,
gacha_once,gacha_night,就抽一发,luck>=6,金光裂开你盯着屏幕看了很久。,又是蓝你把手机扣在桌上。,luck+1;buff:gacha_fever,luck+0,,
gacha_whale,gacha_night,再来一轮,family>=6,你把钱包打开又合上然后还是点了确认。,点完你去看余额沉默了很久。,luck+1;family-1;buff:gacha_fever,family-2;buff:gacha_fever,,
fair_queue,comic_fair,排队买本,int>=5,你排到了想要的本子封面上有你认识的角色。,队伍没动太阳把你晒成一张薄饼。,luck+1;int+1;buff:otaku_soul,str-1,,
fair_look,comic_fair,只看不买,,你在人潮里漂到结束手里只有免费的扇子。,,luck+1,,,
cos_stage,first_cos,上台走两步,luck>=5,闪光灯把假发照得很热你还是比了那个姿势。,你走得发飘但有人喊了你的角色名。,luck+1;buff:cosplay_glow,luck+1,,
cos_photo,first_cos,找人拍一张,,你靠在展馆的柱子上拍完才发现拉链没拉好。,,luck+1,,,
iw_rd_pay,iw_rd_bandit,讲个故事,,孩子们坐成一排。你讲便利店。他们问：那是哪种地下城。,,luck+1;int+1,,,
iw_rd_fight,iw_rd_bandit,用树枝比试,,树枝折了。你们一起笑。过路费改成击掌。,,str+1;luck+1,,,
iw_rd_buy,iw_rd_charm,把糖买下,,符是纸。糖是真的。噗噗变成圆的。,,luck+1;buff:slime_pal,,,
iw_rd_break,iw_rd_charm,先鉴定,,鉴定写着糖果。商贩说早说嘛。他再送你一颗。,,int+1;luck+1,,,
iw_rd_lise_rest,iw_rd_nap,让她睡一会儿,,你让她靠着树。耳尖慢慢回红。她醒来第一句：汤呢。,,luck+1;buff:party_bond;favor:lise+4;favor:garen+2,,,
iw_rd_lise_push,iw_rd_nap,轻轻叫醒,,你把味噌的味道凑到她鼻尖。她睁眼就骂你。耳尖是红的。,,luck+1,,,
iw_rd_bridge_you,iw_rd_bridge,跟着噗噗过,,桥还在。你滑了一下。加伦在对面笑出声。,,luck+1,,,
iw_rd_bridge_them,iw_rd_bridge,让他们先过,,你留在后面拍照。莉瑟回头喊：白痴别掉下去。,,luck+1;buff:lovestruck,,,
iw_rd_sheep_wait,iw_rd_sheep,等羊过去,,头羊点了点头。像批了你的通关。,,luck+1,,,
iw_rd_sheep_sing,iw_rd_sheep,唱片尾曲,,羊居然跟着哼。莉瑟把脸埋进手里。,,luck+1;int+1,,,
lise_escape_start,lise_war_choice,答应她，离开讨伐队,,你把勇者徽章压在营帐的地图上，留下一封给加伦的信。过了哨所，莉瑟才发现你们握疼了。,,tag:lise_escape,,lise_escape_night,
lise_return_start,lise_war_choice,留下，继续前往魔王城,,你告诉她自己仍要去。莉瑟点头点得太快，随即低下头：我知道了。让我难过一会儿。,,tag:lise_direct_front,,lise_direct_march,
lise_confess_now,iw_lise_confession,向莉瑟告白,favor:lise>=35,你说想和她一起过冒险以后的日子。她捏着线头半天才说：先讲好，我做饭只负责试味道。手放进你掌心，这次没有借口。,莉瑟慢慢放下手：我很珍惜你。护腕我还是会替你检查。你把那句话认真收好。,tag:confessed_lise;tag:together_lise;favor:lise+8,,,
lise_confess_wait,iw_lise_confession,把感谢说出口，暂不告白,,你谢谢她一路的照顾。莉瑟把线头剪齐：知道就好。你们并肩走回队伍。,,,,,
lise_keep_hiding,lise_escape_decision,继续隐藏，不回战场,,你把剑和徽章藏进地板下面。莉瑟没有笑。她靠着你坐到天亮，然后去给难民腾屋子。,,tag:lise_chose_hiding,,lise_hidden_fall,
lise_rejoin_army,lise_escape_decision,回去重组战线,,你在军报背面写下归队的日期。莉瑟去取门后的行囊。她装了两套衣服，又拿出一套，最后还是放了回去。,,tag:lise_return_front,,lise_return_camp,
lise_rebuild_supply,lise_reorganize,先打通补给，安置伤员,,你带小队护送粮车，把军帐腾给伤员。没有掌声。第二天有人来问下一班岗。,,tag:lise_supply_restored,,lise_front_restored,
lise_rally_squads,lise_reorganize,先找回散兵，重建队伍,,你沿撤退路线寻找失散的小队，记下没有回来的人。集合时你没有许诺人人都能活。,,tag:lise_squads_restored,,lise_front_restored,
lise_break_ward,lise_final_assault,用勇者刻印破开结界,,你把刻印按进裂缝。莉瑟守住侧翼，一遍遍报还剩几步。最后一道结界碎了。,,tag:lise_battle_won,,lise_victory,
lise_cover_advance,lise_final_assault,掩护队伍，从侧门推进,,你撑住入口。加伦带队绕过正门，莉瑟的咒火沿盾边划出退路。你们在王座前合围。,,tag:lise_battle_won,,lise_victory,
lise_hold_hand,lise_last_words,抱住她，陪她等最后一刻,,你抱住她，没有许下做不到的重逢。她先捶了一下你的背，随后抓紧：让我再抱一会儿。,,tag:lise_last_embrace,,lise_release,
lise_say_goodbye,lise_last_words,把一起过的日子说给她听,,你从第一锅汤讲到她系了三遍的护腕。莉瑟一边纠正一边掉眼泪：记得我也可以，不用每次都记我出丑。,,tag:lise_last_promise,,lise_release,
sp_awaken_try,sp_awaken_sneeze,伸手接住,int>=3,它落进掌心。像早就认识你。,它飞进邻家窗户。楼下有人喊了一声。,int+1,luck+0,,
sp_awaken_hide,sp_awaken_sneeze,当没看见,,你把脸转开。橡皮过了一会儿才掉在桌上，声音很轻。,,luck+1,,,
sp_try_control,sp_awaken_try,让它们听话,int>=5,三支笔排成一列。你把它们又拨乱。,笔只听懂散开。房间像被风扫过。,int+1,luck+0,,
sp_try_fun,sp_awaken_try,先剥个橘子,,皮自己裂开。汁溅到手腕上。你忽然觉得这能力很小。,,luck+1,,,
sp_phone_answer,sp_phone_float,接起来,luck>=5,那边说：别用它抢最后一块蛋糕。然后挂了。,只有自己的呼吸。你们谁也没先挂。,int+1,luck+0,,
sp_phone_ignore,sp_phone_float,先扣上,,手机自己震了一下。像被未来的你骂了。,,luck+1,,,
sp_cafe_listen,sp_cafe_mindread,听勺子说完,int>=4,勺子讲了个冷笑话。你把笑咽回去。,它开始点评你的袖口。你只好搅拌。,int+1,luck+1,,
sp_cafe_stir,sp_cafe_mindread,赶紧搅拌,,勺子转了两圈，不再说话。咖啡面上一个小涡。,,luck+1,,,
sp_bus_help,sp_bus_pause,帮人捡票,int>=4,时间接上。没人看见你弯过腰。,你捡到自己以前的电影票。票根还热。,luck+1,luck+0,,
sp_bus_secret,sp_bus_pause,先下车,,你踩上静止的阶梯。门在你身后才重新响。,,luck+1,,,
sp_lincheng_help,sp_meet_lincheng,把钥匙送回去,,她在窗口后点了下头。热饮推过来时杯壁是烫的。,,favor:lincheng+8,,,
sp_lincheng_hide,sp_meet_lincheng,说只是路过,,她没追问。登记簿翻过一页。热饮还是推了过来。,,favor:lincheng+5,,,
sp_zhouyao_test,sp_meet_zhouyao,让她测一次,int>=5,纸杯停在半空。她写了很久，标题叫咖啡事故。,纸杯洒了。你们一起擦桌子。报告暂时空着。,favor:zhouyao+8,favor:zhouyao+3,,
sp_zhouyao_chat,sp_meet_zhouyao,先坐下说话,,她把仪器推开。说今天先不做记录。,,favor:zhouyao+7,,,
sp_baiyu_ask,sp_meet_baiyu,问那阵风,int>=5,她说那是两个世界在打招呼。然后把伞往你这边偏了偏。,,favor:baiyu+8,,,
sp_baiyu_wait,sp_meet_baiyu,不等她开口,,你们走完这条路。风一直没有停。,,favor:baiyu+6,,,
sp_aq_follow,sp_meet_aq,跟着玻璃里的影子,,阿七在另一侧挥手。购物袋里多了一包薯片。,,favor:aq+8,,,
sp_aq_wave,sp_meet_aq,隔着玻璃挥手,,她点了点头。倒影比你先走。,,favor:aq+6,,,
sp_cls_admit,sp_classmate,说不是风,,同桌点头：我就知道。她把秘密压在垫板下面。,,luck+1,,,
sp_cls_wind,sp_classmate,坚持是风,,她把窗户关得更紧。你们都没有再提橡皮。,,int+1,,,
sp_seen_ask,sp_seen,去问是谁,,对方把本子合上：周遥。实验室那栋。,,int+1,,,
sp_seen_ignore,sp_seen,假装没看见,,本子还是被夹进你的书包。夹层里多了一张抽纸。,,luck+1,,,
sp_lab_yes,sp_lab,让她测一次,int>=5,纸杯停在半空。她写了很久。标题仍叫咖啡事故。,纸杯洒了。你们一起擦桌子。报告暂时空着。,tag:zhouyao;favor:zhouyao+8,tag:zhouyao;favor:zhouyao+3,,
sp_lab_no,sp_lab,先不测,,她说那好。仪器自己响了一声。她把它按灭。,,tag:zhouyao;favor:zhouyao+4,,,
